Country,Subject Descriptor,Units,Scale,Country/Series-specific Notes,2000,2001,2002,2003,2004,2005,2006,2007,2008,2009,2010,2011,2012,2013,2014,2015,2016,2017,2018,2019,2020,2021,2022,2023,2024,2025,2026,2027,2028,Estimates Start After
Afghanistan,"Gross domestic product, constant prices",Percent change,,"See notes for:  Gross domestic product, constant prices (National currency).",n/a,n/a,n/a,8.692,0.671,11.83,5.361,13.34,3.863,20.585,8.438,6.479,13.968,5.683,2.697,0.988,2.164,2.647,1.189,3.912,-2.351,-20.737,n/a,n/a,n/a,n/a,n/a,n/a,n/a,2021
Albania,"Gross domestic product, constant prices",Percent change,,"See notes for:  Gross domestic product, constant prices (National currency).",6.946,8.293,4.537,5.529,5.515,5.526,5.903,5.983,7.5,3.354,3.707,2.545,1.418,1.002,1.774,2.219,3.315,3.802,4.019,2.088,-3.302,8.909,4.844,3.607,3.33,3.429,3.451,3.466,3.466,2022
Algeria,"Gross domestic product, constant prices",Percent change,,"See notes for:  Gross domestic product, constant prices (National currency).",3.8,3,5.6,7.2,4.3,5.9,1.684,3.373,2.36,1.632,3.616,2.9,3.4,2.8,3.8,3.7,3.2,1.4,1.2,1,-5.1,3.4,3.2,3.835,3.133,2.525,1.879,1.733,1.703,2022
Andorra,"Gross domestic product, constant prices",Percent change,,"See notes for:  Gross domestic product, constant prices (National currency).",n/a,8.119,4.546,8.694,8.136,5.398,4.809,1.553,-5.559,-5.303,-1.975,-0.008,-4.974,-3.548,2.504,1.434,3.71,0.346,1.589,2.016,-11.184,8.287,8.811,2.05,1.5,1.5,1.5,1.5,1.5,2022
Angola,"Gross domestic product, constant prices",Percent change,,"See notes for:  Gross domestic product, constant prices (National currency).",3.055,4.206,13.666,2.99,10.953,15.029,11.548,14.01,11.166,0.859,4.859,3.472,8.542,4.955,4.823,0.944,-2.58,-0.15,-1.316,-0.702,-5.638,1.199,3.046,1.255,3.274,3.379,3.453,3.544,3.628,2022
Antigua and Barbuda,"Gross domestic product, constant prices",Percent change,,"See notes for:  Gross domestic product, constant prices (National currency).",6.203,-4.548,1.028,6.076,5.767,6.475,12.707,9.316,-0.014,-11.963,-7.841,-1.959,3.372,-0.601,3.797,3.824,5.497,3.144,6.824,4.344,-17.503,6.556,8.459,5.592,5.417,4.173,2.845,2.832,2.842,2022
Argentina,"Gross domestic product, constant prices",Percent change,,"See notes for:  Gross domestic product, constant prices (National currency).",-0.789,-4.409,-10.894,8.955,8.911,8.852,8.047,9.008,4.057,-5.919,10.125,6.004,-1.026,2.405,-2.513,2.731,-2.08,2.819,-2.617,-2.001,-9.9,10.718,4.956,-2.5,2.75,3.25,3,2.75,2.5,2022
Armenia,"Gross domestic product, constant prices",Percent change,,"See notes for:  Gross domestic product, constant prices (National currency).",5.853,9.468,14.807,14.052,10.473,14.113,13.198,13.749,6.948,-14.15,2.2,4.7,7.134,3.412,3.607,3.254,0.195,7.518,5.225,7.631,-7.151,5.684,12.604,7.032,5.002,4.5,4.5,4.5,4.5,2022
Aruba,"Gross domestic product, constant prices",Percent change,,"See notes for:  Gross domestic product, constant prices (National currency).",7.684,4.182,-0.945,1.111,7.294,-0.383,1.127,3.09,1.836,-11.678,-2.733,3.369,-1.041,6.431,-0.015,3.551,2.11,0.732,2.382,-2.303,-23.983,27.639,10.458,2.3,1.2,1.2,1.1,1.1,1.1,2021
Australia,"Gross domestic product, constant prices",Percent change,,"See notes for:  Gross domestic product, constant prices (National currency).",3.092,2.655,4.165,3.019,4.112,2.998,2.616,4.375,2.542,1.949,2.413,2.765,3.768,2.203,2.559,2.283,2.693,2.381,2.815,1.948,-1.83,5.206,3.692,1.777,1.237,1.978,2.189,2.297,2.302,2022
Austria,"Gross domestic product, constant prices",Percent change,,"See notes for:  Gross domestic product, constant prices (National currency).",3.376,1.267,1.652,0.941,2.735,2.244,3.454,3.727,1.46,-3.765,1.837,2.923,0.68,0.026,0.661,1.015,1.989,2.259,2.425,1.517,-6.454,4.557,4.849,0.095,0.767,1.686,1.94,1.709,1.253,2022
Azerbaijan,"Gross domestic product, constant prices",Percent change,,"See notes for:  Gross domestic product, constant prices (National currency).",6.227,6.486,9.439,10.208,9.254,26.4,34.466,25,10.77,9.26,5,0.1,2.203,5.843,2.768,1.08,-3.064,0.154,1.47,2.48,-4.199,5.616,4.577,2.514,2.536,2.511,2.513,2.536,2.543,2022
The Bahamas,"Gross domestic product, constant prices",Percent change,,"See notes for:  Gross domestic product, constant prices (National currency).",4.149,2.626,2.705,-1.265,0.883,3.395,2.517,1.447,-2.324,-4.175,1.539,0.613,3.499,-2.863,1.847,0.997,-0.763,2.524,2.918,-0.744,-23.508,16.985,14.369,4.306,1.828,1.616,1.585,1.495,1.528,2022
Bahrain,"Gross domestic product, constant prices",Percent change,,"See notes for:  Gross domestic product, constant prices (National currency).",7.018,2.491,3.349,6.296,6.981,6.769,6.467,8.294,6.242,2.541,4.337,1.984,3.728,5.416,4.351,2.485,3.558,4.292,2.11,2.167,-4.645,2.591,4.891,2.744,3.598,3.164,2.666,2.72,2.716,2022
Bangladesh,"Gross domestic product, constant prices",Percent change,,"See notes for:  Gross domestic product, constant prices (National currency).",5.293,5.077,3.833,4.74,5.24,6.536,6.672,7.059,6.014,5.045,5.572,6.464,6.521,6.014,6.061,6.553,7.114,6.59,7.319,7.882,3.448,6.939,7.1,6.025,6,6.6,7.1,7.2,7,2022
Barbados,"Gross domestic product, constant prices",Percent change,,"See notes for:  Gross domestic product, constant prices (National currency).",4.453,-2.367,0.791,2.171,1.407,3.965,5.669,2.202,0.698,-5.076,-2.288,-0.673,-0.45,-1.411,-0.126,2.446,2.485,0.478,-0.583,-0.523,-13.311,-0.189,9.8,4.5,3.9,2.8,2.3,2,2,2022
Belarus,"Gross domestic product, constant prices",Percent change,,"See notes for:  Gross domestic product, constant prices (National currency).",5.76,4.717,5.048,7.033,11.439,9.452,10.001,8.637,10.235,0.168,7.805,5.29,1.629,0.962,1.686,-3.83,-2.536,2.541,3.138,1.446,-0.673,2.273,-3.664,1.629,1.329,0.597,0.653,0.872,0.646,2022
Belgium,"Gross domestic product, constant prices",Percent change,,"See notes for:  Gross domestic product, constant prices (National currency).",3.717,1.1,1.707,1.038,3.571,2.322,2.552,3.677,0.447,-2.021,2.865,1.694,0.739,0.459,1.579,2.041,1.267,1.62,1.793,2.262,-5.363,6.286,3.248,1.001,0.852,1.223,1.192,1.244,1.304,2022
Belize,"Gross domestic product, constant prices",Percent change,,"See notes for:  Gross domestic product, constant prices (National currency).",13.02,5.015,5.12,9.327,4.649,2.361,4.409,3.297,-1.53,-0.441,1.255,-0.117,3.853,4.534,4.088,3.371,0.12,-1.712,1.123,4.492,-13.392,15.208,12.726,4.007,2.998,2.544,2.544,2.544,2.544,2021
Benin,"Gross domestic product, constant prices",Percent change,,"See notes for:  Gross domestic product, constant prices (National currency).",5.858,5.333,4.643,3.444,4.43,1.713,3.944,5.986,4.897,2.319,2.114,2.964,4.811,7.191,6.358,1.778,3.34,5.672,6.697,6.866,3.849,7.155,6.253,5.501,6.308,5.96,6.011,5.963,5.975,2022
Bhutan,"Gross domestic product, constant prices",Percent change,,"See notes for:  Gross domestic product, constant prices (National currency).",6.934,7.04,9.516,9.32,6.876,6.666,7.137,12.861,10.964,5.801,9.484,9.866,6.495,3.582,3.968,6.221,7.408,6.322,3.835,4.425,-2.348,-3.332,4.757,5.328,3.037,4.578,5.536,3.071,3.625,2021
Bolivia,"Gross domestic product, constant prices",Percent change,,"See notes for:  Gross domestic product, constant prices (National currency).",2.508,1.684,2.486,2.711,4.173,4.421,4.797,4.564,6.148,3.357,4.127,5.204,5.122,6.796,5.461,4.857,4.264,4.195,4.224,2.217,-8.738,6.106,3.478,1.8,1.8,2.1,2.2,2.3,2.3,2022
Bosnia and Herzegovina,"Gross domestic product, constant prices",Percent change,,"See notes for:  Gross domestic product, constant prices (National currency).",4.442,2.362,5.053,3.858,6.257,4.236,5.691,5.979,5.594,-0.816,0.767,0.908,-0.707,2.351,1.148,4.314,3.242,3.244,3.829,2.886,-3.015,7.39,4.106,2,3,3,3,3,3,2022
Botswana,"Gross domestic product, constant prices",Percent change,,"See notes for:  Gross domestic product, constant prices (National currency).",4.271,2.348,7.434,5.388,1.397,4.972,6.034,5.793,3.252,-14.144,10.122,6.839,-0.171,11.103,5.697,-4.851,7.202,4.113,4.19,3.033,-8.726,11.867,5.782,3.841,4.11,4.349,4.026,3.987,4.049,2021
Brazil,"Gross domestic product, constant prices",Percent change,,"See notes for:  Gross domestic product, constant prices (National currency).",4.388,1.39,3.053,1.141,5.76,3.202,3.962,6.07,5.094,-0.126,7.528,3.974,1.921,3.005,0.504,-3.546,-3.276,1.323,1.784,1.221,-3.277,4.989,2.901,3.084,1.507,1.896,1.877,2.015,2.015,2022
Brunei Darussalam,"Gross domestic product, constant prices",Percent change,,"See notes for:  Gross domestic product, constant prices (National currency).",2.85,2.745,3.871,2.904,0.504,0.388,4.397,0.154,-1.939,-1.765,2.599,3.744,0.913,-2.125,-2.508,-0.405,-2.465,1.329,0.052,3.869,1.134,-1.591,-1.628,-0.768,3.515,2.83,2.963,3.108,3.161,2022
Bulgaria,"Gross domestic product, constant prices",Percent change,,"See notes for:  Gross domestic product, constant prices (National currency).",4.587,3.824,5.872,5.237,6.51,7.056,6.803,6.654,6.13,-3.347,1.542,2.101,0.755,-0.56,0.967,3.428,3.04,2.762,2.685,4.038,-3.959,7.635,3.361,1.663,3.161,3,2.94,2.84,2.84,2022
Burkina Faso,"Gross domestic product, constant prices",Percent change,,"See notes for:  Gross domestic product, constant prices (National currency).",1.888,6.613,4.353,7.802,4.478,8.662,6.253,4.111,5.8,2.962,8.446,6.623,6.453,5.793,4.327,3.921,5.958,6.203,6.603,5.689,1.931,6.905,1.481,4.371,6.449,5.97,5.648,5.251,5.28,2021
Burundi,"Gross domestic product, constant prices",Percent change,,"See notes for:  Gross domestic product, constant prices (National currency).",1.781,1.665,2.353,2.469,3.766,4.37,5.414,3.452,4.862,3.813,5.124,4.033,4.447,4.924,4.241,-3.9,-0.6,0.5,1.61,1.842,0.335,3.119,1.827,3.336,5.95,5.945,5.7,5.942,5.466,2022
Cabo Verde,"Gross domestic product, constant prices",Percent change,,"See notes for:  Gross domestic product, constant prices (National currency).",7.267,6.138,5.3,7.502,4.927,5.81,9.118,15.2,7.039,-1.504,1.836,3.925,1.084,0.632,0.697,0.936,4.281,4.551,3.707,6.948,-19.598,6.415,17.004,4.411,4.478,4.596,4.597,4.708,4.702,2021
Cambodia,"Gross domestic product, constant prices",Percent change,,"See notes for:  Gross domestic product, constant prices (National currency).",9.575,8.561,6.579,8.506,10.341,13.25,10.771,10.213,6.692,0.087,5.963,7.07,7.313,7.357,7.143,7.036,6.863,6.997,7.469,7.054,-3.096,3.026,5.239,5.647,6.134,6.389,6.519,6.243,6.307,2022
Cameroon,"Gross domestic product, constant prices",Percent change,,"See notes for:  Gross domestic product, constant prices (National currency).",3.363,3.356,4.847,4.994,6.561,1.218,3.524,4.1,2.858,2.619,2.935,3.484,4.508,4.987,5.779,5.6,4.479,3.541,4.022,3.422,0.539,3.649,3.775,3.98,4.176,4.436,4.46,4.515,4.58,2022
Canada,"Gross domestic product, constant prices",Percent change,,"See notes for:  Gross domestic product, constant prices (National currency).",5.178,1.79,3.018,1.802,3.087,3.204,2.634,2.072,1.004,-2.926,3.09,3.146,1.761,2.329,2.87,0.659,1.001,3.04,2.777,1.888,-5.074,5.012,3.438,1.292,1.608,2.378,1.782,1.671,1.662,2022
Central African Republic,"Gross domestic product, constant prices",Percent change,,"See notes for:  Gross domestic product, constant prices (National currency).",-3.581,2.609,2.091,-2.249,-0.096,2.931,4.754,4.031,2.613,2.812,4.631,4.195,5.054,-36.392,0.08,4.338,4.75,4.528,3.82,2.97,0.959,0.983,0.472,0.96,2.45,3.787,3.791,3.686,3.348,2021
Chad,"Gross domestic product, constant prices",Percent change,,"See notes for:  Gross domestic product, constant prices (National currency).",-0.88,11.658,8.491,14.722,33.629,8.311,0.648,3.272,3.063,4.139,13.598,0.12,8.807,5.753,6.893,1.77,-5.558,-2.38,2.355,3.419,-2.142,-1.187,3.394,4,3.746,2.992,2.91,2.935,2.994,2021
Chile,"Gross domestic product, constant prices",Percent change,,"See notes for:  Gross domestic product, constant prices (National currency).",4.972,3.154,3.203,4.723,6.674,5.837,6.05,5.168,3.789,-1.118,5.852,6.224,6.155,3.309,1.793,2.152,1.753,1.358,3.99,0.743,-6.145,11.737,2.44,-0.532,1.608,2.293,2.366,2.423,2.44,2022
China,"Gross domestic product, constant prices",Percent change,,"See notes for:  Gross domestic product, constant prices (National currency).",8.472,8.319,9.115,10.021,10.114,11.389,12.71,14.247,9.592,9.446,10.611,9.551,7.848,7.771,7.391,7.018,6.851,6.947,6.751,5.951,2.242,8.45,2.989,5.01,4.16,4.117,4.071,3.663,3.38,2022
Colombia,"Gross domestic product, constant prices",Percent change,,"See notes for:  Gross domestic product, constant prices (National currency).",2.925,1.678,2.504,3.918,5.333,4.447,6.717,6.738,3.283,1.14,4.495,6.948,3.913,5.134,4.499,2.956,2.087,1.359,2.565,3.187,-7.252,11.016,7.257,1.442,1.978,2.93,3.345,3.345,3.345,2022
Comoros,"Gross domestic product, constant prices",Percent change,,"See notes for:  Gross domestic product, constant prices (National currency).",-0.967,5.444,4.616,1.971,3.1,5.745,-1.829,0.804,3.965,3.241,3.778,4.144,3.168,4.466,2.107,1.147,3.32,3.816,3.642,1.761,-0.196,2.112,2.598,3.004,3.5,4.029,4.328,4.482,4.312,2021
Democratic Republic of the Congo,"Gross domestic product, constant prices",Percent change,,"See notes for:  Gross domestic product, constant prices (National currency).",-8.136,-2.1,2.948,6.633,7.661,9.804,5.109,8.53,7.402,0.565,7.843,7.593,8.669,9.624,7.302,6.36,0.394,3.658,4.825,4.485,1.671,6.227,8.917,6.734,4.688,5.332,5.25,5.65,5.244,2020
Republic of Congo,"Gross domestic product, constant prices",Percent change,,"See notes for:  Gross domestic product, constant prices (National currency).",11.752,-4.823,0.985,0.459,-0.197,9.211,7.986,-6.614,6.306,11.637,9.931,2.206,9.947,-0.712,6.717,-3.551,-4.994,-5.595,-2.304,1.124,-6.268,1.057,1.75,4.033,4.426,3.255,3.771,3.9,3.971,2020
Costa Rica,"Gross domestic product, constant prices",Percent change,,"See notes for:  Gross domestic product, constant prices (National currency).",3.869,3.491,3.417,4.317,4.425,3.977,7.327,8.215,4.738,-0.873,5.36,4.403,4.883,2.495,3.542,3.652,4.204,4.158,2.616,2.418,-4.273,7.781,4.305,4.415,3.191,3.194,3.197,3.2,3.2,2022
C?te d'Ivoire,"Gross domestic product, constant prices",Percent change,,"See notes for:  Gross domestic product, constant prices (National currency).",-2.068,0.121,-1.668,-1.36,1.232,1.721,1.516,1.765,2.543,3.251,2.018,-4.857,10.864,9.272,8.794,8.843,7.173,7.411,4.843,6.518,1.738,7,6.7,6.2,6.6,6.4,6.3,6.1,6,2020
Croatia,"Gross domestic product, constant prices",Percent change,,"See notes for:  Gross domestic product, constant prices (National currency).",3.749,3.11,5.824,5.596,4.18,4.309,4.919,4.959,2.004,-7.195,-1.221,-0.091,-2.328,-0.398,-0.431,2.524,3.56,3.414,2.799,3.42,-8.53,13.086,6.219,2.7,2.6,2.7,2.9,2.8,2.8,2022
Cyprus,"Gross domestic product, constant prices",Percent change,,"See notes for:  Gross domestic product, constant prices (National currency).",5.966,3.952,3.723,2.624,5.026,4.853,4.714,5.098,3.647,-2.016,2.282,0.416,-3.447,-6.587,-1.777,3.418,6.575,5.734,5.643,5.534,-4.366,6.629,5.633,2.247,2.678,3.01,3.016,2.954,2.899,2022
Czech Republic,"Gross domestic product, constant prices",Percent change,,"See notes for:  Gross domestic product, constant prices (National currency).",4.001,3.043,1.57,3.584,4.814,6.602,6.767,5.57,2.686,-4.657,2.435,1.76,-0.785,-0.046,2.262,5.388,2.537,5.169,3.22,3.03,-5.503,3.553,2.342,0.183,2.294,2.931,2.743,2.477,2.545,2022
Denmark,"Gross domestic product, constant prices",Percent change,,"See notes for:  Gross domestic product, constant prices (National currency).",3.749,0.823,0.467,0.388,2.668,2.342,3.912,0.908,-0.511,-4.905,1.868,1.336,0.229,0.935,1.616,2.343,3.248,2.819,1.991,1.493,-2.423,6.845,2.731,1.7,1.4,1.2,1.3,1.3,1.3,2022
Djibouti,"Gross domestic product, constant prices",Percent change,,"See notes for:  Gross domestic product, constant prices (National currency).",0.713,1.793,3.234,3.186,2.779,3.111,4.825,5.017,5.806,1.616,4.147,7.293,4.842,5.001,7.193,7.309,7.123,5.458,4.774,5.545,1.316,4.522,3.185,5,5.993,5.494,5,5,5,2022
Dominica,"Gross domestic product, constant prices",Percent change,,"See notes for:  Gross domestic product, constant prices (National currency).",2.34,-0.063,-2.829,6.353,3.051,0.656,4.659,6.354,7.121,-1.17,0.673,-0.224,-1.059,-1,4.754,-2.732,2.764,-6.619,3.548,5.502,-16.605,6.892,5.711,4.624,4.599,4.226,2.86,2.678,2.656,2021
Dominican Republic,"Gross domestic product, constant prices",Percent change,,"See notes for:  Gross domestic product, constant prices (National currency).",4.662,2.46,4.495,-1.346,2.57,9.428,9.174,7.416,3.21,0.946,8.34,3.133,2.717,4.875,7.05,6.927,6.659,4.667,6.983,5.052,-6.72,12.272,4.858,2.966,5.237,5.068,5.035,5.013,5.03,2022
Ecuador,"Gross domestic product, constant prices",Percent change,,"See notes for:  Gross domestic product, constant prices (National currency).",1.092,4.016,4.097,2.723,8.211,5.291,4.404,2.19,6.357,0.566,3.525,7.868,5.642,4.947,3.789,0.099,-1.226,2.368,1.289,0.012,-7.788,4.235,2.948,1.372,1.82,1.989,2.166,2.819,2.795,2022
Egypt,"Gross domestic product, constant prices",Percent change,,"See notes for:  Gross domestic product, constant prices (National currency).",5.383,3.524,3.186,3.193,4.092,4.472,6.844,7.088,7.156,4.674,5.147,1.765,2.226,3.302,2.93,4.36,4.34,4.191,5.327,5.548,3.573,3.253,6.653,4.157,3.603,5.041,5.412,5.835,5.975,2022
El Salvador,"Gross domestic product, constant prices",Percent change,,"See notes for:  Gross domestic product, constant prices (National currency).",1.126,0.877,1.577,1.565,0.889,2.709,4.366,1.846,2.096,-2.053,2.096,3.801,2.834,2.235,1.704,2.4,2.515,2.262,2.422,2.456,-7.878,11.178,2.6,2.2,1.94,2.045,2,2,2,2022
Equatorial Guinea,"Gross domestic product, constant prices",Percent change,,"See notes for:  Gross domestic product, constant prices (National currency).",110.505,60.023,19.621,14.455,30.391,8.21,6.501,15.282,17.799,1.343,-8.924,6.524,8.313,-4.133,0.415,-9.11,-8.816,-5.668,-6.237,-5.482,-4.788,-0.377,3.246,-6.221,-5.471,-4.028,-3.993,-1.661,-0.622,2021
Eritrea,"Gross domestic product, constant prices",Percent change,,"See notes for:  Gross domestic product, constant prices (National currency).",-12.355,8.755,3.005,-2.656,1.452,2.574,-0.969,1.427,-19.436,12.179,10.853,25.71,1.886,-10.456,30.934,-20.621,7.391,-10.015,13.032,3.836,n/a,n/a,n/a,n/a,n/a,n/a,n/a,n/a,n/a,2019
Estonia,"Gross domestic product, constant prices",Percent change,,"See notes for:  Gross domestic product, constant prices (National currency).",10.088,6.004,6.771,7.6,6.804,9.526,9.766,7.579,-5.132,-14.629,2.444,7.263,3.228,1.458,3.011,1.853,3.155,5.792,3.784,4.034,-0.965,7.249,-0.461,-2.269,2.368,2.666,2.892,2.967,2.859,2022
Eswatini,"Gross domestic product, constant prices",Percent change,,"See notes for:  Gross domestic product, constant prices (National currency).",1.76,1.055,4.38,3.88,3.624,5.999,5.992,4.435,0.822,1.565,3.794,2.247,5.397,3.861,0.923,2.227,1.063,2.027,2.369,2.704,-1.56,7.883,3.563,3.063,3.271,3.1,2.857,2.787,2.783,2021
Ethiopia,"Gross domestic product, constant prices",Percent change,,"See notes for:  Gross domestic product, constant prices (National currency).",9.838,7.4,1.6,-2.1,11.7,12.6,11.5,11.8,11.2,10,10.6,11.4,8.7,9.9,10.3,10.4,8,10.21,7.703,9.037,6.057,6.265,6.358,6.109,6.195,6.457,6.658,6.759,6.954,2022
Fiji,"Gross domestic product, constant prices",Percent change,,"See notes for:  Gross domestic product, constant prices (National currency).",-1.7,1.9,3.2,0.8,5.4,-1.3,1.9,-0.9,1,-1.4,3,2.7,1.411,4.734,5.604,4.501,2.446,5.353,3.812,-0.581,-17.04,-4.881,20.016,7.459,3.913,3.682,3.47,3.481,3.292,2022
Finland,"Gross domestic product, constant prices",Percent change,,"See notes for:  Gross domestic product, constant prices (National currency).",5.773,2.609,1.707,2.004,3.992,2.78,4.027,5.299,0.784,-8.074,3.186,2.547,-1.397,-0.902,-0.365,0.544,2.811,3.192,1.14,1.224,-2.355,3.17,1.605,-0.129,1.049,1.345,1.561,1.614,1.624,2022
France,"Gross domestic product, constant prices",Percent change,,"See notes for:  Gross domestic product, constant prices (National currency).",4.136,1.928,1.181,0.84,2.53,1.748,2.654,2.381,0.145,-2.783,1.799,2.23,0.362,0.699,0.963,1.049,0.981,2.46,1.818,1.889,-7.682,6.37,2.522,0.951,1.346,1.811,1.669,1.525,1.438,2022
Gabon,"Gross domestic product, constant prices",Percent change,,"See notes for:  Gross domestic product, constant prices (National currency).",-1.883,2.15,0.187,1.701,1.12,-0.786,-1.908,6.333,1.733,-2.279,6.27,7.092,5.251,5.517,4.435,3.879,2.091,0.473,0.909,3.823,-1.815,1.468,3.037,2.762,2.555,2.511,2.84,2.777,2.831,2021
The Gambia,"Gross domestic product, constant prices",Percent change,,"See notes for:  Gross domestic product, constant prices (National currency).",5.525,5.753,-3.247,6.874,7.046,-2.352,-0.556,3.043,6.256,6.666,5.908,-8.13,5.242,2.873,-1.407,4.058,1.943,4.823,7.235,6.222,0.591,5.256,4.905,5.555,6.223,5.788,5.019,5.02,5.018,2021
Georgia,"Gross domestic product, constant prices",Percent change,,"See notes for:  Gross domestic product, constant prices (National currency).",1.838,4.805,5.474,11.058,5.794,9.59,9.42,12.579,2.419,-3.651,6.191,7.361,6.417,3.616,4.441,3.027,2.906,4.843,4.843,4.982,-6.76,10.466,10.109,6.193,4.775,5.2,5.2,5.2,5.2,2022
Germany,"Gross domestic product, constant prices",Percent change,,"See notes for:  Gross domestic product, constant prices (National currency).",2.904,1.687,-0.201,-0.703,1.184,0.726,3.814,2.982,0.959,-5.696,4.185,3.914,0.427,0.432,2.217,1.487,2.23,2.68,0.984,1.071,-3.829,3.169,1.804,-0.535,0.915,1.993,1.881,1.289,0.914,2022
Ghana,"Gross domestic product, constant prices",Percent change,,"See notes for:  Gross domestic product, constant prices (National currency).",3.596,3.828,4.617,5.112,5.404,6.23,5.816,4.076,9.008,5.683,7.768,13.949,8.428,7.242,2.856,2.121,3.373,8.129,6.2,6.508,0.514,5.076,3.078,1.16,2.694,4.594,4.948,5,5,2022
Greece,"Gross domestic product, constant prices",Percent change,,"See notes for:  Gross domestic product, constant prices (National currency).",3.92,4.132,3.923,5.795,5.061,0.599,5.652,3.274,-0.335,-4.301,-5.478,-10.149,-7.087,-2.516,0.476,-0.196,-0.487,1.092,1.668,1.884,-9.004,8.434,5.914,2.462,1.974,1.418,1.408,1.209,1.128,2022
Grenada,"Gross domestic product, constant prices",Percent change,,"See notes for:  Gross domestic product, constant prices (National currency).",5.063,-2.024,3.438,9.464,-0.647,13.273,-3.993,6.124,0.948,-6.613,-0.511,0.765,-1.155,2.351,7.342,6.445,3.74,4.439,4.361,0.677,-13.757,4.689,6.354,3.87,3.796,3.508,3.219,2.735,2.735,2021
Guatemala,"Gross domestic product, constant prices",Percent change,,"See notes for:  Gross domestic product, constant prices (National currency).",2.5,3.104,3.839,2.56,3.138,3.276,5.351,6.338,3.294,0.477,2.884,4.164,2.975,3.695,4.444,4.092,2.678,3.08,3.407,4.018,-1.792,8.002,4.118,3.432,3.5,3.6,3.7,3.8,3.9,2022
Guinea,"Gross domestic product, constant prices",Percent change,,"See notes for:  Gross domestic product, constant prices (National currency).",2.503,3.658,5.165,1.249,2.34,2.997,2.497,6.512,4.142,-1.538,4.219,5.614,5.913,3.946,3.697,3.826,10.821,10.3,6.358,5.617,4.704,5.048,4.287,5.928,5.609,5.635,5.412,5.35,5.243,2021
Guinea-Bissau,"Gross domestic product, constant prices",Percent change,,"See notes for:  Gross domestic product, constant prices (National currency).",1.1,4.786,3.654,-0.286,1.172,6.56,2.667,2.56,4.525,2.448,5.605,8.085,-1.713,3.256,0.965,6.134,5.307,4.789,3.761,4.5,1.5,6.4,4.2,4.5,5,5,5,5,4.5,2021
Guyana,"Gross domestic product, constant prices",Percent change,,"See notes for:  Gross domestic product, constant prices (National currency).",-1.345,2.26,1.149,-0.652,1.566,-1.942,5.127,7.02,1.977,3.319,4.371,5.437,5.039,3.653,1.686,0.687,3.807,3.734,4.441,5.353,43.48,20.06,62.288,38.432,26.559,18.774,21.179,21.166,13.482,2021
Haiti,"Gross domestic product, constant prices",Percent change,,"See notes for:  Gross domestic product, constant prices (National currency).",0.87,-0.343,1.052,3.481,-1.318,3.072,1.769,4.707,2.658,5.89,-5.652,5.098,0.502,4.325,1.723,2.563,1.812,2.51,1.668,-1.685,-3.343,-1.798,-1.682,-1.5,1.4,1.5,1.5,1.5,1.5,2021
Honduras,"Gross domestic product, constant prices",Percent change,,"See notes for:  Gross domestic product, constant prices (National currency).",7.291,2.723,3.754,4.547,6.232,6.051,6.567,6.188,4.232,-2.432,3.731,3.836,4.129,2.792,3.058,3.84,3.893,4.843,3.845,2.653,-8.965,12.534,4,2.9,3.2,3.488,3.732,3.844,3.82,2022
Hong Kong SAR,"Gross domestic product, constant prices",Percent change,,"See notes for:  Gross domestic product, constant prices (National currency).",7.663,0.561,1.657,3.056,8.7,7.388,7.033,6.465,2.128,-2.459,6.768,4.815,1.7,3.102,2.762,2.388,2.175,3.796,2.847,-1.672,-6.545,6.442,-3.476,4.394,2.927,2.875,2.709,2.556,2.411,2022
Hungary,"Gross domestic product, constant prices",Percent change,,"See notes for:  Gross domestic product, constant prices (National currency).",4.479,4.074,4.741,4.074,5.005,4.294,3.946,0.277,1.004,-6.598,1.076,1.867,-1.25,1.803,4.232,3.707,2.201,4.272,5.362,4.864,-4.536,7.2,4.578,-0.34,3.098,3.3,3.4,3.45,3.451,2022
Iceland,"Gross domestic product, constant prices",Percent change,,"See notes for:  Gross domestic product, constant prices (National currency).",4.985,4.013,0.56,2.143,7.802,6.125,6.317,8.455,2.21,-7.664,-2.833,1.846,1.064,4.552,1.687,4.437,6.304,4.195,4.889,1.861,-7.216,4.508,7.238,3.336,1.733,2.155,2.42,2.303,2.379,2022
India,"Gross domestic product, constant prices",Percent change,,"See notes for:  Gross domestic product, constant prices (National currency).",3.975,4.944,3.907,7.944,7.849,9.285,9.264,9.801,3.891,8.48,10.26,6.638,5.456,6.386,7.41,7.996,8.256,6.795,6.454,3.871,-5.831,9.05,7.24,6.332,6.293,6.327,6.316,6.349,6.263,2023
Indonesia,"Gross domestic product, constant prices",Percent change,,"See notes for:  Gross domestic product, constant prices (National currency).",4.979,3.643,4.499,4.78,5.031,5.693,5.501,6.345,7.442,4.702,6.378,6.17,6.03,5.557,5.007,4.876,5.033,5.07,5.174,5.019,-2.066,3.703,5.309,4.971,4.953,4.962,4.955,4.952,4.955,2022
Islamic Republic of Iran,"Gross domestic product, constant prices",Percent change,,"See notes for:  Gross domestic product, constant prices (National currency).",5.846,2.392,8.079,8.639,4.337,3.19,5,8.156,0.251,1.007,5.798,2.646,-3.747,-1.522,4.985,-1.425,8.815,2.759,-1.838,-3.071,3.33,4.72,3.777,2.976,2.488,2,1.999,1.997,1.998,2023
Iraq,"Gross domestic product, constant prices",Percent change,,"See notes for:  Gross domestic product, constant prices (National currency).",-4.341,-6.569,-7.797,81.787,53.386,1.675,5.638,1.889,8.228,3.379,6.403,7.546,13.936,7.628,0.738,2.537,15.199,-3.399,4.703,5.368,-12.055,1.58,6.983,-2.739,2.941,4.043,3.604,3.26,3.202,2022
Ireland,"Gross domestic product, constant prices",Percent change,,"See notes for:  Gross domestic product, constant prices (National currency).",9.404,5.306,5.899,3.014,6.789,5.739,4.988,5.311,-4.484,-5.095,1.682,1.281,-0.129,1.175,8.829,24.475,1.766,9.311,8.471,5.298,6.617,15.125,9.433,2.005,3.349,3.162,2.671,2.664,2.653,2022
Israel,"Gross domestic product, constant prices",Percent change,,"See notes for:  Gross domestic product, constant prices (National currency).",8.672,0.335,-0.116,1.394,4.785,4.134,5.583,6.033,3.252,0.883,5.668,5.561,2.742,4.231,3.885,2.314,4.367,4.273,4.075,3.785,-1.465,9.344,6.47,3.137,3.036,3.31,3.633,3.721,3.77,2022
Italy,"Gross domestic product, constant prices",Percent change,,"See notes for:  Gross domestic product, constant prices (National currency).",3.787,1.951,0.254,0.139,1.424,0.818,1.791,1.487,-0.962,-5.281,1.713,0.707,-2.981,-1.841,-0.005,0.778,1.293,1.668,0.926,0.483,-8.979,6.987,3.722,0.673,0.655,1.044,1.093,1.032,0.894,2022
Jamaica,"Gross domestic product, constant prices",Percent change,,"See notes for:  Gross domestic product, constant prices (National currency).",0.776,1.281,0.675,3.667,1.324,0.894,2.899,1.444,-0.818,-3.411,-1.435,1.426,-0.501,0.224,0.575,0.869,1.498,0.679,1.827,0.97,-9.92,4.601,5.222,2,1.8,1.7,1.6,1.6,1.6,2022
Japan,"Gross domestic product, constant prices",Percent change,,"See notes for:  Gross domestic product, constant prices (National currency).",2.765,0.386,0.042,1.535,2.186,1.804,1.372,1.484,-1.224,-5.693,4.098,0.024,1.375,2.005,0.296,1.561,0.754,1.675,0.643,-0.402,-4.242,2.23,1.047,1.957,1.033,0.65,0.487,0.417,0.41,2022
Jordan,"Gross domestic product, constant prices",Percent change,,"See notes for:  Gross domestic product, constant prices (National currency).",4.2,4.987,6.584,3.98,8.257,8.822,8.515,8.373,7.383,5.024,2.315,2.737,2.429,2.61,3.384,2.497,1.994,2.474,1.919,1.751,-1.607,2.223,2.504,2.6,2.7,3,3,3,3,2021
Kazakhstan,"Gross domestic product, constant prices",Percent change,,"See notes for:  Gross domestic product, constant prices (National currency).",9.8,13.499,9.799,9.3,9.599,9.702,10.7,8.9,3.3,1.2,7.299,7.501,5.001,5.899,4.3,1,0.9,3.901,4.1,4.5,-2.6,4.1,3.299,4.559,4.192,4.564,1.847,3.106,2.979,2022
Kenya,"Gross domestic product, constant prices",Percent change,,"See notes for:  Gross domestic product, constant prices (National currency).",0.347,3.979,0.481,2.949,4.635,5.665,5.854,6.851,0.232,3.307,8.058,5.121,4.569,3.798,5.02,4.968,4.214,3.816,5.671,5.114,-0.273,7.59,4.847,4.966,5.26,5.344,5.357,5.373,5.329,2022
Kiribati,"Gross domestic product, constant prices",Percent change,,"See notes for:  Gross domestic product, constant prices (National currency).",5.956,-1.418,3.962,2.006,-1.629,4.952,-0.049,2.035,-2.092,0.803,-1.12,1.763,5.136,4.162,-1.096,9.865,-0.478,-0.094,5.279,-2.146,-1.384,7.886,1.154,2.577,2.413,2.308,2.092,2.125,2.093,2021
Korea,"Gross domestic product, constant prices",Percent change,,"See notes for:  Gross domestic product, constant prices (National currency).",9.061,4.852,7.725,3.147,5.197,4.309,5.264,5.8,3.013,0.793,6.805,3.686,2.403,3.165,3.202,2.809,2.947,3.16,2.907,2.244,-0.709,4.305,2.613,1.445,2.217,2.262,2.246,2.174,2.114,2022
Kosovo,"Gross domestic product, constant prices",Percent change,,"See notes for:  Gross domestic product, constant prices (National currency).",n/a,4.553,-0.441,2.555,0.605,4.51,3.594,8.348,1.815,5.035,4.941,6.32,1.712,5.34,3.349,5.916,5.572,4.825,3.406,4.757,-5.341,10.746,3.511,3.8,4,4,3.9,3.8,3.8,2022
Kuwait,"Gross domestic product, constant prices",Percent change,,"See notes for:  Gross domestic product, constant prices (National currency).",4.69,0.213,3.014,17.326,10.24,10.609,7.515,5.992,2.48,-7.076,-2.371,9.628,6.626,1.149,0.501,0.593,2.926,-4.712,2.434,-0.552,-8.855,1.145,8.863,-0.607,3.58,4.088,2.391,2.433,2.435,2020
Kyrgyz Republic,"Gross domestic product, constant prices",Percent change,,"See notes for:  Gross domestic product, constant prices (National currency).",5.443,5.322,-0.017,7.03,7.027,-0.176,3.103,8.543,7.566,2.886,-0.472,5.956,-0.088,10.915,4.024,3.876,4.336,4.74,3.459,4.601,-7.149,5.507,6.332,3.375,4.282,3.901,3.95,3.99,3.977,2022
Lao P.D.R.,"Gross domestic product, constant prices",Percent change,,"See notes for:  Gross domestic product, constant prices (National currency).",6.429,4.772,6.809,6.179,7.187,6.94,8.954,7.851,7.822,7.373,8.018,7.986,7.805,8.026,7.612,7.27,7.023,6.851,6.289,4.652,-0.435,2.061,2.252,3.967,4.007,4.123,4.192,4.337,4.496,2020
Latvia,"Gross domestic product, constant prices",Percent change,,"See notes for:  Gross domestic product, constant prices (National currency).",5.676,6.324,7.088,8.423,8.284,10.72,11.972,9.942,-3.249,-14.26,-4.456,2.574,7.042,2.008,1.902,3.885,2.369,3.312,3.992,2.57,-2.298,4.277,2.763,0.5,2.614,3.228,3.239,3.25,3.245,2022
Lebanon,"Gross domestic product, constant prices",Percent change,,"See notes for:  Gross domestic product, constant prices (National currency).",1.1,3.9,3.4,1.7,7.5,0.7,1.549,9.312,9.067,10.234,7.974,0.868,2.564,3.828,2.485,0.461,1.556,0.903,-1.885,-6.915,-25.907,-10,--,n/a,n/a,n/a,n/a,n/a,n/a,2020
Lesotho,"Gross domestic product, constant prices",Percent change,,"See notes for:  Gross domestic product, constant prices (National currency).",3.953,3.296,2.419,4.245,2.069,3.326,4.201,4.201,3.76,0.362,5.1,5.061,5.146,1.772,2.068,3.248,1.877,-2.734,-1.304,-1.971,-3.902,1.793,2.12,2.127,2.306,2.511,2.106,1.84,1.599,2021
Liberia,"Gross domestic product, constant prices",Percent change,,"See notes for:  Gross domestic product, constant prices (National currency).",n/a,2.758,4.431,-28.974,3.971,5.856,8.48,13.103,6.105,5.192,6.351,7.7,8.42,8.836,0.695,0.007,-1.63,2.469,1.242,-2.516,-2.967,5.011,4.811,4.557,5.297,6.371,6.355,6.387,7.268,2021
Libya,"Gross domestic product, constant prices",Percent change,,"See notes for:  Gross domestic product, constant prices (National currency).",4.042,2.626,-3.727,16.145,5.845,10.619,0.278,6.23,-0.162,-4.4,5.027,-50.339,86.827,-17.998,-23.043,-0.843,-1.491,32.492,7.941,-11.196,-29.456,28.335,-9.62,12.548,7.454,6.851,4.23,2.155,2.295,2021
Lithuania,"Gross domestic product, constant prices",Percent change,,"See notes for:  Gross domestic product, constant prices (National currency).",3.696,6.526,6.751,10.566,6.57,7.732,7.414,11.107,2.615,-14.839,1.652,6.039,3.844,3.55,3.537,2.025,2.519,4.283,3.993,4.625,-0.022,5.981,1.888,-0.178,2.721,2.595,2.521,2.217,2.146,2022
Luxembourg,"Gross domestic product, constant prices",Percent change,,"See notes for:  Gross domestic product, constant prices (National currency).",8.442,3.074,3.225,2.619,4.231,2.483,6.016,8.098,-0.302,-3.239,3.761,1.044,1.65,3.171,2.623,2.268,4.978,1.317,1.219,2.916,-0.91,7.168,1.38,-0.442,1.496,2.385,2.507,2.252,2.257,2022
Macao SAR,"Gross domestic product, constant prices",Percent change,,"See notes for:  Gross domestic product, constant prices (National currency).",n/a,n/a,8.91,11.641,26.631,8.075,13.39,14.476,3.392,1.274,25.123,21.617,9.242,10.753,-2.048,-21.514,-0.679,9.983,6.465,-2.512,-54.236,19.267,-26.761,74.4,27.16,14.538,6.097,3.34,3.368,2022
Madagascar,"Gross domestic product, constant prices",Percent change,,"See notes for:  Gross domestic product, constant prices (National currency).",4.457,5.98,-12.408,9.785,5.257,4.756,5.399,5.711,6.713,-3.979,0.619,1.578,3.011,2.3,3.339,3.132,3.993,3.933,3.194,4.411,-7.138,5.74,4,4,4.8,4.7,4.7,4.6,4.5,2022
Malawi,"Gross domestic product, constant prices",Percent change,,"See notes for:  Gross domestic product, constant prices (National currency).",0.775,-4.076,1.76,5.706,5.42,3.269,4.7,9.6,7.64,8.328,6.874,4.854,1.886,5.2,5.7,2.95,2.27,4,4.392,5.448,0.913,4.567,0.8,1.7,3.255,3.8,4.3,4.5,4.6,2022
Malaysia,"Gross domestic product, constant prices",Percent change,,"See notes for:  Gross domestic product, constant prices (National currency).",8.671,0.518,5.391,5.789,6.783,4.976,5.584,6.299,4.832,-1.514,7.528,5.293,5.474,4.694,6.007,5.007,4.45,5.813,4.843,4.413,-5.457,3.298,8.65,3.96,4.273,4.41,4.409,3.931,3.937,2022
Maldives,"Gross domestic product, constant prices",Percent change,,"See notes for:  Gross domestic product, constant prices (National currency).",4.77,3.452,6.098,25.394,6.031,-13.129,26.112,7.714,9.485,-7.229,7.267,8.567,2.517,7.281,7.33,2.885,6.338,7.21,8.123,6.884,-33.361,41.747,13.863,8.068,5,6.5,5.9,5.5,5.1,2022
Mali,"Gross domestic product, constant prices",Percent change,,"See notes for:  Gross domestic product, constant prices (National currency).",-0.061,15.376,3.106,9.119,1.56,6.535,4.662,3.494,4.773,4.679,5.413,3.24,-0.836,2.295,7.085,6.172,5.852,5.305,4.746,4.765,-1.244,3.055,3.704,4.5,4.8,5.3,5.1,5,5,2022
Malta,"Gross domestic product, constant prices",Percent change,,"See notes for:  Gross domestic product, constant prices (National currency).",n/a,-1.175,2.565,4.074,0.14,3.384,2.51,4.775,3.826,-1.134,5.544,0.467,4.118,5.473,7.634,9.608,3.381,10.869,7.416,7.059,-8.078,12.298,6.916,3.788,3.281,3.481,3.506,3.463,3.51,2022
Marshall Islands,"Gross domestic product, constant prices",Percent change,,"See notes for:  Gross domestic product, constant prices (National currency).",2.468,6.916,3.648,-1.535,-0.708,1.773,0.203,3.392,-7.646,3.673,5.422,-0.048,-1.308,3.612,-1.163,2.1,2.146,3.735,5.656,10.314,-2.901,1.028,-4.454,3,3,2,1.75,1.5,1.5,2022
Mauritania,"Gross domestic product, constant prices",Percent change,,"See notes for:  Gross domestic product, constant prices (National currency).",-3.918,-0.799,1.381,6.928,4.733,8.566,18.333,-1.969,-0.331,0.098,2.62,4.173,4.47,4.151,4.275,5.376,1.261,6.271,4.773,5.429,-0.938,2.445,6.461,4.541,5.341,6.965,3.856,4.757,4.134,2021
Mauritius,"Gross domestic product, constant prices",Percent change,,"See notes for:  Gross domestic product, constant prices (National currency).",8.192,3.214,1.627,5.984,4.299,1.453,4.514,5.727,5.387,3.315,4.377,4.078,3.496,3.36,3.827,3.691,3.862,3.938,4.007,2.891,-14.598,3.399,8.691,5.092,3.8,3.431,3.444,3.33,3.33,2022
Mexico,"Gross domestic product, constant prices",Percent change,,"See notes for:  Gross domestic product, constant prices (National currency).",5.029,-0.451,-0.237,1.186,3.565,2.113,4.805,2.078,0.943,-6.295,4.971,3.444,3.553,0.852,2.504,2.702,1.772,1.872,1.972,-0.278,-8.652,5.838,3.898,3.177,2.14,1.462,1.783,1.978,2.058,2022
Micronesia,"Gross domestic product, constant prices",Percent change,,"See notes for:  Gross domestic product, constant prices (National currency).",4.86,2.089,0.613,1.581,-3.08,2.042,-0.081,-1.836,-2.409,1.093,2.259,3.189,-1.867,-3.68,-2.306,4.622,0.9,2.682,0.212,1.2,-2.807,-2.189,-0.556,2.603,3.123,1.884,1.278,1.133,0.6,2018
Moldova,"Gross domestic product, constant prices",Percent change,,"See notes for:  Gross domestic product, constant prices (National currency).",2.1,6.1,7.8,6.6,7.4,7.5,4.8,3,7.8,-6,7.1,5.818,-0.59,9.044,5,-0.338,4.409,4.2,4.1,3.6,-8.3,13.9,-4.979,2.009,4.285,4.995,4.998,4.995,5.002,2022
Mongolia,"Gross domestic product, constant prices",Percent change,,"See notes for:  Gross domestic product, constant prices (National currency).",1.146,4.639,5.267,7.357,9.425,6.507,8.163,8.757,7.819,-2.069,7.313,17.291,12.32,11.649,7.885,2.41,1.49,5.637,7.745,5.602,-4.558,1.637,5.033,5.5,4.5,3.5,3.5,3.5,4,2022
Montenegro,"Gross domestic product, constant prices",Percent change,,"See notes for:  Gross domestic product, constant prices (National currency).",n/a,1.1,1.9,2.5,4.4,4.2,8.6,6.8,7.2,-5.8,2.7,3.2,-2.724,3.549,1.784,3.39,2.949,4.716,5.078,4.063,-15.307,13.043,6.135,4.5,3.7,3.2,3,3,3,2021
Morocco,"Gross domestic product, constant prices",Percent change,,"See notes for:  Gross domestic product, constant prices (National currency).",1.593,7.552,3.316,6.317,4.802,2.978,7.76,2.706,5.923,4.244,3.816,5.246,3.01,4.535,2.669,4.345,0.521,5.058,3.066,2.891,-7.178,8.021,1.259,2.385,3.616,3.181,3.24,3.387,3.387,2022
Mozambique,"Gross domestic product, constant prices",Percent change,,"See notes for:  Gross domestic product, constant prices (National currency).",1.181,12.087,9.291,6.878,7.916,6.646,9.694,7.73,7.318,6.318,6.502,7.417,7.258,6.964,7.399,6.723,3.824,3.741,3.444,2.315,-1.198,2.359,4.191,6.979,4.96,4.959,3.96,13.108,12.077,2022
Myanmar,"Gross domestic product, constant prices",Percent change,,"See notes for:  Gross domestic product, constant prices (National currency).",12.418,12.468,9.928,13.196,15.318,13.567,13.307,12.5,7.558,4.385,5.247,5.471,6.486,7.899,8.2,7.473,6.408,5.75,6.405,6.75,3.189,-17.938,1.971,2.583,2.639,2.528,2.584,2.899,3.397,2020
Namibia,"Gross domestic product, constant prices",Percent change,,"See notes for:  Gross domestic product, constant prices (National currency).",3.497,2.393,6.68,3.477,6.632,4.67,3.948,3.646,2.65,0.296,6.039,5.091,5.062,5.615,6.093,4.264,0.034,-1.027,1.06,-0.839,-8.101,3.525,4.56,2.818,2.706,2.712,2.65,2.604,2.6,2022
Nauru,"Gross domestic product, constant prices",Percent change,,"See notes for:  Gross domestic product, constant prices (National currency).",n/a,n/a,n/a,n/a,n/a,-8.014,-8.263,-6.798,63.317,-5.97,-0.254,9.316,30.618,4.959,14.669,-5.657,7.988,-5.917,7.187,9.093,4.113,2.932,1.881,0.494,1.332,2.357,2.207,2.195,2.259,2020
Nepal,"Gross domestic product, constant prices",Percent change,,"See notes for:  Gross domestic product, constant prices (National currency).",6.116,5.629,0.12,3.945,4.683,3.479,3.365,3.412,6.105,4.533,4.816,3.422,4.67,3.525,6.011,3.976,0.433,8.977,7.622,6.657,-2.37,4.838,5.613,0.772,4.984,5.221,5.074,5.094,5.114,2023
Netherlands,"Gross domestic product, constant prices",Percent change,,"See notes for:  Gross domestic product, constant prices (National currency).",4.199,2.328,0.217,0.158,1.983,2.047,3.462,3.772,2.172,-3.667,1.341,1.55,-1.031,-0.127,1.424,1.958,2.192,2.911,2.361,1.956,-3.885,6.192,4.326,0.552,1.15,1.528,1.605,1.638,1.635,2022
New Zealand,"Gross domestic product, constant prices",Percent change,,"See notes for:  Gross domestic product, constant prices (National currency).",4.216,2.512,4.721,4.412,4.849,3.22,2.808,3.503,-0.344,-1.134,1.768,1.799,2.491,2.327,3.751,3.691,3.884,3.46,3.524,3.072,-1.464,6.059,2.652,1.121,1.043,2.064,2.245,2.398,2.4,2022
Nicaragua,"Gross domestic product, constant prices",Percent change,,"See notes for:  Gross domestic product, constant prices (National currency).",4.102,2.961,0.754,2.521,5.351,4.244,3.805,5.076,3.436,-3.293,4.41,6.317,6.496,4.927,4.785,4.792,4.798,4.396,-3.363,-2.897,-1.766,10.347,3.751,3.024,3.292,3.465,3.5,3.5,3.5,2022
Niger,"Gross domestic product, constant prices",Percent change,,"See notes for:  Gross domestic product, constant prices (National currency).",-1.209,7.269,4.92,2.184,0.362,7.335,5.933,3.144,7.733,1.963,8.581,2.356,10.542,5.311,6.644,4.393,5.741,5.001,7.007,6.143,3.55,1.399,11.904,4.108,11.135,6.482,6.14,6.002,6,2021
Nigeria,"Gross domestic product, constant prices",Percent change,,"See notes for:  Gross domestic product, constant prices (National currency).",5.518,6.667,14.604,9.503,10.442,7.008,6.726,7.318,7.199,8.353,11.259,4.887,4.279,5.394,6.31,2.653,-1.617,0.806,1.923,2.208,-1.794,3.647,3.252,2.87,3.063,3.058,3.084,3.062,3.064,2022
North Macedonia,"Gross domestic product, constant prices",Percent change,,"See notes for:  Gross domestic product, constant prices (National currency).",4.539,-3.067,1.494,2.223,4.674,4.724,5.137,6.473,5.472,-0.359,3.359,2.34,-0.456,2.925,3.629,3.856,2.848,1.082,2.881,3.91,-4.688,3.931,2.147,2.5,3.2,3.5,3.5,3.5,3.5,2022
Norway,"Gross domestic product, constant prices",Percent change,,"See notes for:  Gross domestic product, constant prices (National currency).",3.319,2.067,1.378,0.945,4.015,2.685,2.461,2.914,0.482,-1.94,0.787,1.106,2.718,1.016,2.048,1.857,1.165,2.464,0.829,1.124,-1.278,3.898,3.277,2.283,1.499,1.231,1.482,1.352,1.38,2022
Oman,"Gross domestic product, constant prices",Percent change,,"See notes for:  Gross domestic product, constant prices (National currency).",6.193,4.613,-0.784,-2.195,1.992,2.78,4.67,4.98,8.95,5.982,2.472,2.894,8.863,5.227,1.292,5.017,5.046,0.304,1.287,-1.13,-3.378,3.092,4.311,1.178,2.673,3.033,3.416,3.105,3.09,2022
Pakistan,"Gross domestic product, constant prices",Percent change,,"See notes for:  Gross domestic product, constant prices (National currency).",3.908,3.638,2.623,5.167,7.691,7.997,5.664,5.111,4.445,1.063,2.265,3.204,3.196,3.856,3.556,3.812,4.072,4.609,6.096,3.12,-0.943,5.77,6.103,-0.475,2.5,3.6,4.5,5,5,2022
Palau,"Gross domestic product, constant prices",Percent change,,"See notes for:  Gross domestic product, constant prices (National currency).",n/a,6.502,5.056,-3.38,4.077,3.664,0.031,0.947,-5.255,-6.839,-1.141,4.124,1.868,-1.612,4.435,9.549,1.507,-3.514,1.261,1.357,-7.04,-13.362,-1.964,0.8,12.4,11.9,3.5,2,1.5,2022
Panama,"Gross domestic product, constant prices",Percent change,,"See notes for:  Gross domestic product, constant prices (National currency).",2.737,0.558,2.247,4.226,7.508,7.181,8.541,12.111,9.856,1.243,5.828,11.314,9.779,6.903,5.067,5.733,4.953,5.591,3.685,3.282,-17.668,15.836,10.809,6,4,4,4,4,4,2022
Papua New Guinea,"Gross domestic product, constant prices",Percent change,,"See notes for:  Gross domestic product, constant prices (National currency).",-2.494,-0.123,-0.159,9.046,0.578,4.252,2.537,7.815,-0.296,6.8,10.128,1.108,4.657,3.825,13.544,6.576,5.492,3.535,-0.279,4.48,-3.167,0.07,4.348,3.048,5.039,3.102,3.12,3.045,3.115,2020
Paraguay,"Gross domestic product, constant prices",Percent change,,"See notes for:  Gross domestic product, constant prices (National currency).",-2.314,-0.834,-0.021,4.321,4.057,2.133,4.807,5.422,6.496,-0.261,11.095,4.286,-0.708,8.293,5.301,2.957,4.268,4.81,3.204,-0.402,-0.82,4.017,0.075,4.477,3.8,3.8,3.5,3.5,3.5,2022
Peru,"Gross domestic product, constant prices",Percent change,,"See notes for:  Gross domestic product, constant prices (National currency).",2.695,0.617,5.454,4.165,4.959,6.285,7.529,8.518,9.119,1.096,8.334,6.325,6.142,5.852,2.384,3.252,3.954,2.522,3.97,2.24,-10.953,13.35,2.683,1.13,2.744,3.1,3,3,3,2022
Philippines,"Gross domestic product, constant prices",Percent change,,"See notes for:  Gross domestic product, constant prices (National currency).",4.383,3.049,3.716,5.087,6.569,4.942,5.316,6.519,4.344,1.448,7.335,3.858,6.897,6.751,6.348,6.348,7.149,6.931,6.341,6.119,-9.518,5.715,7.57,5.321,5.88,6.097,6.212,6.327,6.413,2022
Poland,"Gross domestic product, constant prices",Percent change,,"See notes for:  Gross domestic product, constant prices (National currency).",4.26,1.205,1.443,3.498,4.983,3.507,6.131,7.062,4.2,2.832,2.935,5.042,1.545,0.857,3.837,4.383,2.954,5.14,5.945,4.45,-2.02,6.935,5.134,0.564,2.278,3.405,3.235,3.137,3.126,2022
Portugal,"Gross domestic product, constant prices",Percent change,,"See notes for:  Gross domestic product, constant prices (National currency).",3.816,1.944,0.771,-0.931,1.789,0.782,1.625,2.507,0.319,-3.122,1.738,-1.696,-4.057,-0.923,0.792,1.792,2.019,3.506,2.849,2.683,-8.301,5.503,6.687,2.282,1.51,2.15,2,1.93,1.9,2022
Puerto Rico,"Gross domestic product, constant prices",Percent change,,"See notes for:  Gross domestic product, constant prices (National currency).",3.272,9.468,2.17,2.341,1.987,-1.987,-1.41,-1.162,-1.844,-1.952,-0.413,-0.359,0.029,-0.307,-1.19,-1.049,-1.263,-2.886,-4.364,1.679,-4.352,0.206,2,-0.7,-0.2,0,0.3,1.7,0.8,2021
Qatar,"Gross domestic product, constant prices",Percent change,,"See notes for:  Gross domestic product, constant prices (National currency).",6.946,4.5,6.873,3.987,19.225,7.792,28.082,18.191,17.494,13.063,17.746,11.302,4.73,5.556,5.334,4.753,3.064,-1.498,1.235,0.688,-3.558,1.523,4.898,2.429,2.168,3.722,3.59,6.283,2.777,2022
Romania,"Gross domestic product, constant prices",Percent change,,"See notes for:  Gross domestic product, constant prices (National currency).",2.921,5.082,5.679,2.314,10.33,4.686,8.024,7.198,9.407,-5.552,-3.913,4.534,1.911,0.249,4.13,3.163,2.853,8.213,6.03,3.844,-3.692,5.874,4.743,2.185,3.79,3.841,3.849,3.849,3.7,2022
Russia,"Gross domestic product, constant prices",Percent change,,"See notes for:  Gross domestic product, constant prices (National currency).",10.054,5.082,4.746,7.356,7.145,6.397,8.165,8.55,5.247,-7.821,4.512,3.876,4.024,1.755,0.736,-1.973,0.194,1.827,2.806,2.198,-2.654,5.614,-2.07,2.249,1.054,0.95,0.95,0.95,0.95,2022
Rwanda,"Gross domestic product, constant prices",Percent change,,"See notes for:  Gross domestic product, constant prices (National currency).",8.374,8.486,13.174,2.219,7.438,9.341,9.209,7.684,11.154,6.257,7.328,7.966,8.639,4.73,6.154,8.867,5.969,3.931,8.539,9.472,-3.38,10.88,8.158,6.17,6.987,7.007,7.292,7.265,7.283,2021
Samoa,"Gross domestic product, constant prices",Percent change,,"See notes for:  Gross domestic product, constant prices (National currency).",5.093,7.39,5.652,5.213,3.087,6.639,2.132,0.486,3.556,-0.536,2.533,3.849,-3.732,0.107,0.66,3.85,7.984,1.406,-0.61,4.452,-3.109,-7.079,-5.31,8.011,3.6,3.424,3.007,2.608,2.25,2022
San Marino,"Gross domestic product, constant prices",Percent change,,"See notes for:  Gross domestic product, constant prices (National currency).",2.203,5.539,0.315,3.9,4.565,2.426,3.826,7.103,-0.389,-10.135,-5.811,-8.535,-7.233,-0.82,-0.649,2.691,2.338,0.254,1.484,2.032,-6.812,14.228,5.037,2.218,1.3,1.3,1.3,1.3,1.3,2021
S?o Tom? and Pr?ncipe,"Gross domestic product, constant prices",Percent change,,"See notes for:  Gross domestic product, constant prices (National currency).",0.448,2.4,2.377,6.573,3.832,7.094,9.116,3.254,8.186,3.302,1.448,1.999,2.943,5.12,4.906,1.54,5.177,4.113,4.378,2.014,2.625,1.899,0.065,0.5,2.4,3.1,3.6,3.65,3.69,2020
Saudi Arabia,"Gross domestic product, constant prices",Percent change,,"See notes for:  Gross domestic product, constant prices (National currency).",5.625,-1.211,-2.819,11.242,7.958,5.574,2.788,1.847,6.25,-2.059,5.039,10.994,5.427,2.85,4.028,4.69,2.363,-0.07,2.762,0.832,-4.341,3.922,8.744,0.762,3.984,4.229,3.284,3.298,3.087,2022
Senegal,"Gross domestic product, constant prices",Percent change,,"See notes for:  Gross domestic product, constant prices (National currency).",3.887,4.311,0.069,5.594,4.643,4.31,2.331,2.827,3.703,2.752,3.391,1.334,4.003,2.412,6.224,6.367,6.356,7.407,6.209,4.614,1.342,6.54,4,4.102,8.82,10.166,5.157,5.153,5.301,2021
Serbia,"Gross domestic product, constant prices",Percent change,,"See notes for:  Gross domestic product, constant prices (National currency).",6.132,6.879,6.38,4.388,9.028,5.53,5.108,6.44,5.656,-2.732,0.731,2.036,-0.682,2.893,-1.59,1.806,3.339,2.101,4.495,4.332,-0.903,7.55,2.251,1.972,3,4.462,3.999,4.04,4,2022
Seychelles,"Gross domestic product, constant prices",Percent change,,"See notes for:  Gross domestic product, constant prices (National currency).",4.253,-2.271,1.213,-5.887,-2.85,9.006,9.406,10.418,-2.096,-1.095,6.321,5.684,3.82,6.403,4.72,9.69,12.705,6.553,6.159,5.155,-8.458,2.52,8.91,4.16,3.91,3.87,3.87,3.87,3.6,2021
Sierra Leone,"Gross domestic product, constant prices",Percent change,,"See notes for:  Gross domestic product, constant prices (National currency).",3.807,18.17,26.425,9.327,6.598,4.505,4.224,8.058,5.4,3.187,5.347,6.312,15.178,20.72,4.555,-20.493,6.354,3.765,3.465,5.254,-1.969,4.105,3.988,2.748,4.737,5.187,4.545,4.473,4.607,2021
Singapore,"Gross domestic product, constant prices",Percent change,,"See notes for:  Gross domestic product, constant prices (National currency).",9.038,-1.071,3.923,4.548,9.94,7.366,9.007,9.022,1.863,0.128,14.52,6.215,4.435,4.818,3.936,2.977,3.602,4.545,3.575,1.331,-3.901,8.882,3.647,1.04,2.146,2.458,2.523,2.486,2.484,2022
Slovak Republic,"Gross domestic product, constant prices",Percent change,,"See notes for:  Gross domestic product, constant prices (National currency).",1.167,3.254,4.51,5.499,5.279,6.623,8.493,10.832,5.575,-5.456,6.717,2.671,1.319,0.633,2.697,5.167,1.944,2.938,4.031,2.51,-3.336,4.863,1.669,1.33,2.498,2.8,2.8,2.7,2.7,2022
Slovenia,"Gross domestic product, constant prices",Percent change,,"See notes for:  Gross domestic product, constant prices (National currency).",3.673,3.216,3.506,2.96,4.359,3.798,5.746,6.98,3.51,-7.549,1.344,0.861,-2.639,-1.029,2.768,2.21,3.192,4.816,4.454,3.523,-4.241,8.228,2.461,2.034,2.212,2.613,2.814,2.815,2.823,2022
Solomon Islands,"Gross domestic product, constant prices",Percent change,,"See notes for:  Gross domestic product, constant prices (National currency).",-14.277,-7.957,-2.8,6.523,6.667,5.526,4.874,4.442,5.806,2.569,8.616,7.267,1.367,5.237,1.186,1.678,5.556,3.077,2.745,1.749,-3.382,-0.565,-4.071,2.506,2.421,3.037,2.986,3.013,3.037,2020
Somalia,"Gross domestic product, constant prices",Percent change,,"See notes for:  Gross domestic product, constant prices (National currency).",n/a,n/a,n/a,n/a,n/a,n/a,n/a,n/a,n/a,n/a,n/a,n/a,1.2,5.654,2.748,4.59,-1.275,9.5,2.994,3.627,-2.56,3.308,2.433,2.8,3.7,3.9,4,4.1,4.3,2022
South Africa,"Gross domestic product, constant prices",Percent change,,"See notes for:  Gross domestic product, constant prices (National currency).",4.2,2.7,3.7,2.949,4.555,5.277,5.604,5.36,3.191,-1.538,3.04,3.169,2.396,2.485,1.414,1.322,0.665,1.158,1.557,0.26,-5.963,4.703,1.91,0.929,1.813,1.609,1.4,1.4,1.4,2022
South Sudan,"Gross domestic product, constant prices",Percent change,,"See notes for:  Gross domestic product, constant prices (National currency).",n/a,n/a,n/a,n/a,n/a,n/a,n/a,n/a,n/a,n/a,n/a,n/a,-50.319,27.272,1.556,-0.231,-13.299,-5.794,-2.149,0.856,-6.494,5.329,0.476,3.482,4.198,5.422,5.356,5.149,5.432,2021
Spain,"Gross domestic product, constant prices",Percent change,,"See notes for:  Gross domestic product, constant prices (National currency).",5.053,3.932,2.729,2.982,3.125,3.653,4.098,3.607,0.889,-3.766,0.165,-0.814,-2.962,-1.401,1.398,3.837,3.038,2.977,2.283,1.983,-11.165,6.4,5.771,2.453,1.66,2.08,1.821,1.727,1.641,2022
Sri Lanka,"Gross domestic product, constant prices",Percent change,,"See notes for:  Gross domestic product, constant prices (National currency).",8.418,-1.948,3.727,5.94,5.445,6.242,7.668,6.797,5.95,3.539,8.016,8.669,8.632,4.052,6.378,4.206,5.054,6.461,2.31,-0.22,-4.625,3.512,-7.824,n/a,n/a,n/a,n/a,n/a,n/a,2021
St. Kitts and Nevis,"Gross domestic product, constant prices",Percent change,,"See notes for:  Gross domestic product, constant prices (National currency).",9.714,5.309,1.37,-3.936,3.996,9.734,3.15,0.601,11.179,-3.379,0.044,1.617,-0.517,5.706,7.587,0.717,3.91,0.017,2.053,4.05,-14.561,-0.891,8.823,4.899,3.79,2.996,2.7,2.7,2.7,2022
St. Lucia,"Gross domestic product, constant prices",Percent change,,"See notes for:  Gross domestic product, constant prices (National currency).",0.049,-3.409,0.417,4.264,7.268,-0.411,6.488,1.944,4.881,-1.885,0.508,4.863,-0.379,-2.222,1.303,-0.24,3.805,3.379,2.861,-0.2,-23.586,11.315,15.674,3.225,2.325,2.278,1.814,1.5,1.5,2022
St. Vincent and the Grenadines,"Gross domestic product, constant prices",Percent change,,"See notes for:  Gross domestic product, constant prices (National currency).",1.806,1.607,4.871,6.126,3.749,2.269,6.538,3.087,0.429,-1.224,-4.275,-0.612,1.052,2.462,1.146,2.785,4.15,1.548,3.175,0.662,-3.739,0.754,5.5,6.23,5,3.9,2.8,2.7,2.7,2021
Sudan,"Gross domestic product, constant prices",Percent change,,"See notes for:  Gross domestic product, constant prices (National currency).",8.385,10.867,5.941,6.289,5.136,5.648,6.531,5.735,3.847,-2.768,3.858,-3.214,-17.005,1.955,4.661,4.906,4.7,0.768,-2.29,-2.5,-3.63,0.5,-2.5,-18.3,0.3,7.1,4.7,4.5,4.5,2019
Suriname,"Gross domestic product, constant prices",Percent change,,"See notes for:  Gross domestic product, constant prices (National currency).",-0.1,4.902,3.747,6.19,7.305,4.919,5.767,5.099,4.149,3.017,5.163,5.847,2.697,2.931,0.254,-3.414,-4.912,1.566,4.948,1.098,-15.906,-2.742,1.028,2.148,2.962,2.984,3,3,3,2021
Sweden,"Gross domestic product, constant prices",Percent change,,"See notes for:  Gross domestic product, constant prices (National currency).",4.766,1.45,2.197,2.31,4.337,2.859,4.663,3.439,-0.451,-4.34,5.952,3.195,-0.588,1.188,2.658,4.489,2.071,2.568,1.95,1.986,-2.17,6.147,2.832,-0.688,0.619,2.358,2.16,2.064,2.067,2022
Switzerland,"Gross domestic product, constant prices",Percent change,,"See notes for:  Gross domestic product, constant prices (National currency).",4.111,1.628,-0.063,-0.074,2.522,2.846,4.165,3.922,2.696,-2.31,3.203,1.905,1.204,1.84,2.32,1.576,2.083,1.435,2.856,1.159,-2.276,5.393,2.665,0.866,1.799,1.2,1.8,1.2,1.8,2022
Syria,"Gross domestic product, constant prices",Percent change,,"See notes for:  Gross domestic product, constant prices (National currency).",2.295,3.68,5.897,-2.037,6.903,6.215,5.046,5.675,4.477,5.912,3.44,n/a,n/a,n/a,n/a,n/a,n/a,n/a,n/a,n/a,n/a,n/a,n/a,n/a,n/a,n/a,n/a,n/a,n/a,2010
Taiwan Province of China,"Gross domestic product, constant prices",Percent change,,"See notes for:  Gross domestic product, constant prices (National currency).",6.314,-1.402,5.481,4.225,6.952,5.383,5.771,6.851,0.799,-1.613,10.245,3.674,2.222,2.484,4.719,1.466,2.165,3.311,2.787,3.064,3.387,6.528,2.354,0.843,2.966,2.763,2.625,2.499,2.116,2022
Tajikistan,"Gross domestic product, constant prices",Percent change,,"See notes for:  Gross domestic product, constant prices (National currency).",8.3,10.2,9.1,10.2,10.6,6.7,7,7.8,7.9,3.9,6.5,7.4,7.5,7.4,6.7,6,6.9,7.1,7.6,7.4,4.39,9.4,8,6.5,5,4.5,4.5,4.5,4.5,2022
Tanzania,"Gross domestic product, constant prices",Percent change,,"See notes for:  Gross domestic product, constant prices (National currency).",4.934,5.998,7.164,6.886,7.828,7.37,4.661,8.464,5.567,5.382,6.359,7.905,5.141,6.782,6.732,6.161,6.867,6.773,6.959,6.989,4.816,4.947,4.691,5.215,6.091,6.198,6.819,7.017,7.032,2021
Thailand,"Gross domestic product, constant prices",Percent change,,"See notes for:  Gross domestic product, constant prices (National currency).",4.455,3.444,6.149,7.189,6.289,4.188,4.968,5.435,1.726,-0.691,7.513,0.84,7.243,2.687,0.984,3.134,3.435,4.178,4.223,2.115,-6.067,1.468,2.643,2.7,3.2,3.095,2.997,3,3.002,2022
Timor-Leste,"Gross domestic product, constant prices",Percent change,,"See notes for:  Gross domestic product, constant prices (National currency).",n/a,16.348,-6.701,-2.182,0.4,2.988,-4.119,10.262,11.391,10.144,9.329,5.956,4.853,3.068,4.512,2.761,3.385,-3.058,-0.69,2.081,-8.282,2.853,3.9,1.5,3.1,3.1,3,3,3,2021
Togo,"Gross domestic product, constant prices",Percent change,,"See notes for:  Gross domestic product, constant prices (National currency).",-0.97,0.82,3.83,6.72,-0.98,-4.67,2.65,1.249,4.036,5.454,5.854,5.823,6.303,5.824,5.633,5.468,5.734,4.008,4.795,4.923,1.976,5.991,5.811,5.4,5.3,5.3,5.5,5.5,5.5,2022
Tonga,"Gross domestic product, constant prices",Percent change,,"See notes for:  Gross domestic product, constant prices (National currency).",3.766,1.46,4.495,0.056,-1.885,-0.416,-2.194,-2.5,4.75,-5.199,0.803,6.818,0.823,0.312,2.019,1.172,6.571,3.322,0.241,0.706,0.489,-2.667,-1.962,2.558,2.529,2.206,1.608,1.235,1.2,2022
Trinidad and Tobago,"Gross domestic product, constant prices",Percent change,,"See notes for:  Gross domestic product, constant prices (National currency).",6.901,3.698,7.152,13.878,7.328,5.895,14.181,4.255,3.286,-4.823,3.461,-0.192,3.467,3.504,3.936,0.978,-7.527,-4.801,-0.602,0.361,-9.078,-1.037,1.482,2.507,2.188,2.521,1.773,1.472,1.423,2022
Tunisia,"Gross domestic product, constant prices",Percent change,,"See notes for:  Gross domestic product, constant prices (National currency).",4.3,3.796,1.323,4.702,6.236,3.487,5.244,6.71,4.238,3.043,3.511,-2.047,4.217,2.43,3.09,0.968,1.117,2.238,2.625,1.588,-8.818,4.405,2.522,1.312,1.905,2.329,2.6,2.645,2.624,2022
T?rkiye,"Gross domestic product, constant prices",Percent change,,"See notes for:  Gross domestic product, constant prices (National currency).",6.933,-5.75,6.448,5.763,9.796,8.992,6.948,5.044,0.815,-4.823,8.427,11.2,4.788,8.486,4.94,6.084,3.323,7.502,3.013,0.819,1.86,11.439,5.533,3.957,2.984,3.183,3.221,3.23,3.235,2022
Turkmenistan,"Gross domestic product, constant prices",Percent change,,"See notes for:  Gross domestic product, constant prices (National currency).",18.587,20.391,15.768,17.095,14.692,13.04,10.967,11.057,14.747,6.133,16.194,12.852,6.133,-0.337,3.842,2.986,-0.977,4.707,0.882,-3.389,-2.937,4.62,1.624,2.458,2.109,1.963,1.886,1.89,1.891,2022
Tuvalu,"Gross domestic product, constant prices",Percent change,,"See notes for:  Gross domestic product, constant prices (National currency).",n/a,0.695,8.317,-4.351,-1.888,-3.746,1.301,6.905,6.579,-5.62,-2.468,7.52,-2.853,3.805,1.667,9.379,4.746,3.28,1.387,13.822,-4.275,1.804,0.677,3.853,3.457,2.406,2.223,2.056,2.037,2021
Uganda,"Gross domestic product, constant prices",Percent change,,"See notes for:  Gross domestic product, constant prices (National currency).",3.941,8.765,7.057,6.159,5.803,10.007,7.049,8.064,10.428,8.069,7.484,7.677,2.333,3.938,5.745,8.004,0.167,6.797,5.565,7.638,-1.193,5.717,6.434,4.568,5.732,7.469,6.815,6.805,6.318,2022
Ukraine,"Gross domestic product, constant prices",Percent change,,"See notes for:  Gross domestic product, constant prices (National currency).",5.9,8.8,5.3,9.5,11.8,3.1,7.6,8.2,2.2,-15.1,4.1,5.46,0.224,0.002,-6.575,-9.788,2.417,2.36,3.488,3.199,-3.753,3.433,-29.069,2,3.2,6.5,5,4,4,2022
United Arab Emirates,"Gross domestic product, constant prices",Percent change,,"See notes for:  Gross domestic product, constant prices (National currency).",12.322,1.399,2.433,8.801,9.566,4.855,9.837,3.184,3.192,-5.243,5.284,6.216,1.824,5.056,4.166,6.787,5.561,0.735,1.314,1.108,-4.957,4.355,7.85,3.384,4.012,4.153,4.267,4.361,4.474,2022
United Kingdom,"Gross domestic product, constant prices",Percent change,,"See notes for:  Gross domestic product, constant prices (National currency).",4.093,2.157,1.771,3.123,2.345,2.668,2.16,2.563,-0.154,-4.51,2.43,1.068,1.448,1.82,3.2,2.393,2.165,2.444,1.705,1.604,-11.031,7.597,4.102,0.48,0.636,1.983,2.05,1.823,1.525,2022
United States,"Gross domestic product, constant prices",Percent change,,"See notes for:  Gross domestic product, constant prices (National currency).",4.077,0.954,1.696,2.796,3.852,3.483,2.783,2.011,0.122,-2.6,2.709,1.55,2.281,1.842,2.288,2.707,1.668,2.242,2.945,2.295,-2.768,5.947,2.062,2.085,1.475,1.818,2.064,2.12,2.122,2022
Uruguay,"Gross domestic product, constant prices",Percent change,,"See notes for:  Gross domestic product, constant prices (National currency).",-1.93,-3.844,-7.732,0.805,5.004,7.46,4.099,6.542,7.176,4.243,7.803,5.162,3.538,4.638,3.239,0.371,1.69,1.74,0.156,0.744,-6.263,5.277,4.922,0.999,3.25,2.9,2.6,2.4,2.2,2022
Uzbekistan,"Gross domestic product, constant prices",Percent change,,"See notes for:  Gross domestic product, constant prices (National currency).",3.8,4.2,4,4.2,7.4,7,7.5,9.5,9,8.1,7.094,7.525,7.102,7.297,6.874,7.219,5.932,4.395,5.88,5.982,1.996,7.403,5.669,5.489,5.471,5.52,5.477,5.53,5.492,2022
Vanuatu,"Gross domestic product, constant prices",Percent change,,"See notes for:  Gross domestic product, constant prices (National currency).",5.925,-3.398,-5.198,4.288,3.987,5.305,8.461,2.876,5.601,3.037,1.259,3.14,1.01,0.463,3.137,0.367,4.689,6.317,2.9,3.241,-4.992,0.648,1.85,1.484,2.614,3.502,3.092,2.949,2.459,2020
Venezuela,"Gross domestic product, constant prices",Percent change,,"See notes for:  Gross domestic product, constant prices (National currency).",3.687,3.394,-8.856,-7.755,18.287,10.318,9.872,8.754,5.278,-3.202,-1.489,4.176,5.626,1.343,-3.894,-6.221,-17.04,-15.671,-19.655,-27.67,-29.995,1,8,4,4.5,n/a,n/a,n/a,n/a,2018
Vietnam,"Gross domestic product, constant prices",Percent change,,"See notes for:  Gross domestic product, constant prices (National currency).",6.787,6.895,7.08,7.341,7.789,7.547,6.978,7.129,5.662,5.398,6.423,6.413,5.505,5.554,6.422,6.987,6.69,6.94,7.465,7.359,2.867,2.56,8.02,4.7,5.8,6.942,6.844,6.841,6.831,2022
West Bank and Gaza,"Gross domestic product, constant prices",Percent change,,"See notes for:  Gross domestic product, constant prices (National currency).",-8.556,-9.311,-12.488,14.016,21.924,11.291,-0.997,3.788,7.429,8.593,5.777,9.601,6.096,4.699,-0.158,3.721,8.865,1.419,1.227,1.363,-11.318,7.012,3.933,3,2.7,2.4,2,2,2,2022
Yemen,"Gross domestic product, constant prices",Percent change,,"See notes for:  Gross domestic product, constant prices (National currency).",6.182,3.804,3.935,3.747,3.973,5.592,3.17,3.338,3.648,3.866,7.702,-12.715,2.393,4.824,-0.189,-27.995,-9.375,-5.072,0.752,2.1,-8.5,-1,1.5,-0.5,2,7,6.5,6,5.5,2022
Zambia,"Gross domestic product, constant prices",Percent change,,"See notes for:  Gross domestic product, constant prices (National currency).",3.897,5.317,4.506,6.945,7.032,7.236,7.904,8.352,7.774,9.22,10.298,5.565,7.598,5.057,4.698,2.92,3.777,3.504,4.035,1.441,-2.785,4.599,4.737,3.554,4.314,4.477,4.659,5.009,5.14,2021
Zimbabwe,"Gross domestic product, constant prices",Percent change,,"See notes for:  Gross domestic product, constant prices (National currency).",-4.231,-0.454,-7.704,-16.224,-6.27,-7.413,-3.556,-3.401,-16.323,7.396,19.683,14.197,16.658,1.975,2.394,1.794,0.756,5.176,4.987,-6.307,-7.782,8.427,6.225,4.139,3.605,3.508,3.329,3.255,3.003,2022
